{
  "Open_site" : {
    "transaction" : "Open_site",
    "sampleCount" : 347,
    "errorCount" : 0,
    "errorPct" : 0.0,
    "meanResTime" : 1458.1037463976943,
    "medianResTime" : 1417.0,
    "minResTime" : 446.0,
    "maxResTime" : 3658.0,
    "pct1ResTime" : 2240.2,
    "pct2ResTime" : 2684.7999999999997,
    "pct3ResTime" : 3472.759999999996,
    "throughput" : 0.5778498656124376,
    "receivedKBytesPerSec" : 2.2684763903783836,
    "sentKBytesPerSec" : 0.5933154417054398
  },
  "flightst_click-3" : {
    "transaction" : "flightst_click-3",
    "sampleCount" : 346,
    "errorCount" : 0,
    "errorPct" : 0.0,
    "meanResTime" : 761.4479768786125,
    "medianResTime" : 710.5,
    "minResTime" : 224.0,
    "maxResTime" : 1824.0,
    "pct1ResTime" : 1220.3,
    "pct2ResTime" : 1447.65,
    "pct3ResTime" : 1696.53,
    "throughput" : 0.584909009458283,
    "receivedKBytesPerSec" : 2.5332729071752786,
    "sentKBytesPerSec" : 0.39740841514593145
  },
  "Choose_flight-1" : {
    "transaction" : "Choose_flight-1",
    "sampleCount" : 346,
    "errorCount" : 0,
    "errorPct" : 0.0,
    "meanResTime" : 805.6531791907523,
    "medianResTime" : 742.0,
    "minResTime" : 230.0,
    "maxResTime" : 2509.0,
    "pct1ResTime" : 1310.9000000000005,
    "pct2ResTime" : 1590.6999999999996,
    "pct3ResTime" : 1983.7899999999988,
    "throughput" : 0.5819331617807828,
    "receivedKBytesPerSec" : 1.7241369682081167,
    "sentKBytesPerSec" : 0.5229800396715273
  },
  "Insert_payment_details" : {
    "transaction" : "Insert_payment_details",
    "sampleCount" : 346,
    "errorCount" : 24,
    "errorPct" : 6.936416,
    "meanResTime" : 813.7514450867048,
    "medianResTime" : 788.0,
    "minResTime" : 231.0,
    "maxResTime" : 2043.0,
    "pct1ResTime" : 1339.5000000000002,
    "pct2ResTime" : 1557.7999999999993,
    "pct3ResTime" : 1918.53,
    "throughput" : 0.580932648750659,
    "receivedKBytesPerSec" : 1.6053203031343497,
    "sentKBytesPerSec" : 0.6412945259270576
  },
  "logout-1" : {
    "transaction" : "logout-1",
    "sampleCount" : 346,
    "errorCount" : 0,
    "errorPct" : 0.0,
    "meanResTime" : 715.5086705202307,
    "medianResTime" : 666.0,
    "minResTime" : 221.0,
    "maxResTime" : 1663.0,
    "pct1ResTime" : 1186.9,
    "pct2ResTime" : 1334.85,
    "pct3ResTime" : 1636.53,
    "throughput" : 0.5804122604541306,
    "receivedKBytesPerSec" : 0.5758777896693327,
    "sentKBytesPerSec" : 0.37734889518274595
  },
  "logout-2" : {
    "transaction" : "logout-2",
    "sampleCount" : 346,
    "errorCount" : 0,
    "errorPct" : 0.0,
    "meanResTime" : 724.9190751445086,
    "medianResTime" : 703.5,
    "minResTime" : 223.0,
    "maxResTime" : 1806.0,
    "pct1ResTime" : 1185.0,
    "pct2ResTime" : 1296.0,
    "pct3ResTime" : 1570.2999999999997,
    "throughput" : 0.5796926623642078,
    "receivedKBytesPerSec" : 1.7014041159435587,
    "sentKBytesPerSec" : 0.30060234737831476
  },
  "login-3" : {
    "transaction" : "login-3",
    "sampleCount" : 346,
    "errorCount" : 0,
    "errorPct" : 0.0,
    "meanResTime" : 664.3092485549134,
    "medianResTime" : 663.0,
    "minResTime" : 223.0,
    "maxResTime" : 1322.0,
    "pct1ResTime" : 1040.1000000000001,
    "pct2ResTime" : 1107.65,
    "pct3ResTime" : 1304.4199999999996,
    "throughput" : 0.58712333323152,
    "receivedKBytesPerSec" : 0.991343987458299,
    "sentKBytesPerSec" : 0.38859237976274114
  },
  "login-2" : {
    "transaction" : "login-2",
    "sampleCount" : 346,
    "errorCount" : 0,
    "errorPct" : 0.0,
    "meanResTime" : 693.4768786127165,
    "medianResTime" : 676.5,
    "minResTime" : 222.0,
    "maxResTime" : 1672.0,
    "pct1ResTime" : 1092.2,
    "pct2ResTime" : 1267.0,
    "pct3ResTime" : 1560.4299999999992,
    "throughput" : 0.5877087342690245,
    "receivedKBytesPerSec" : 0.6557730307298629,
    "sentKBytesPerSec" : 0.3861101606729435
  },
  "Continue_click" : {
    "transaction" : "Continue_click",
    "sampleCount" : 346,
    "errorCount" : 0,
    "errorPct" : 0.0,
    "meanResTime" : 780.1878612716762,
    "medianResTime" : 745.0,
    "minResTime" : 232.0,
    "maxResTime" : 1747.0,
    "pct1ResTime" : 1209.3,
    "pct2ResTime" : 1387.0499999999988,
    "pct3ResTime" : 1714.019999999999,
    "throughput" : 0.584166389497161,
    "receivedKBytesPerSec" : 1.491904214650758,
    "sentKBytesPerSec" : 0.5894803805143365
  },
  "login-1" : {
    "transaction" : "login-1",
    "sampleCount" : 346,
    "errorCount" : 0,
    "errorPct" : 0.0,
    "meanResTime" : 744.8497109826594,
    "medianResTime" : 679.5,
    "minResTime" : 230.0,
    "maxResTime" : 1985.0,
    "pct1ResTime" : 1218.6,
    "pct2ResTime" : 1329.7499999999995,
    "pct3ResTime" : 1748.06,
    "throughput" : 0.5882302938601338,
    "receivedKBytesPerSec" : 0.4772149085990428,
    "sentKBytesPerSec" : 0.43140717840718795
  },
  "Login" : {
    "transaction" : "Login",
    "sampleCount" : 346,
    "errorCount" : 0,
    "errorPct" : 0.0,
    "meanResTime" : 2102.641618497109,
    "medianResTime" : 2085.0,
    "minResTime" : 676.0,
    "maxResTime" : 4359.0,
    "pct1ResTime" : 3206.2,
    "pct2ResTime" : 3639.899999999997,
    "pct3ResTime" : 4152.349999999989,
    "throughput" : 0.5866604270413155,
    "receivedKBytesPerSec" : 2.1211070163569743,
    "sentKBytesPerSec" : 1.2039632906987194
  },
  "Choose_flight" : {
    "transaction" : "Choose_flight",
    "sampleCount" : 346,
    "errorCount" : 0,
    "errorPct" : 0.0,
    "meanResTime" : 805.6531791907523,
    "medianResTime" : 742.0,
    "minResTime" : 230.0,
    "maxResTime" : 2509.0,
    "pct1ResTime" : 1310.9000000000005,
    "pct2ResTime" : 1590.6999999999996,
    "pct3ResTime" : 1983.7899999999988,
    "throughput" : 0.5819321830361723,
    "receivedKBytesPerSec" : 1.7241340684081463,
    "sentKBytesPerSec" : 0.522979160079284
  },
  "open_site-2" : {
    "transaction" : "open_site-2",
    "sampleCount" : 347,
    "errorCount" : 0,
    "errorPct" : 0.0,
    "meanResTime" : 683.8559077809798,
    "medianResTime" : 655.0,
    "minResTime" : 224.0,
    "maxResTime" : 2096.0,
    "pct1ResTime" : 1083.4,
    "pct2ResTime" : 1262.1999999999998,
    "pct3ResTime" : 1705.8799999999983,
    "throughput" : 0.5782176897953742,
    "receivedKBytesPerSec" : 1.6962200007915083,
    "sentKBytesPerSec" : 0.3015314905768846
  },
  "Total" : {
    "transaction" : "Total",
    "sampleCount" : 4509,
    "errorCount" : 24,
    "errorPct" : 0.5322688,
    "meanResTime" : 731.5107562652471,
    "medianResTime" : 691.0,
    "minResTime" : 216.0,
    "maxResTime" : 2509.0,
    "pct1ResTime" : 1163.0,
    "pct2ResTime" : 1323.5,
    "pct3ResTime" : 1714.9999999999927,
    "throughput" : 7.50719251977943,
    "receivedKBytesPerSec" : 15.279020300658148,
    "sentKBytesPerSec" : 5.362606483007672
  },
  "open_site-1" : {
    "transaction" : "open_site-1",
    "sampleCount" : 356,
    "errorCount" : 0,
    "errorPct" : 0.0,
    "meanResTime" : 780.205056179775,
    "medianResTime" : 703.0,
    "minResTime" : 217.0,
    "maxResTime" : 2096.0,
    "pct1ResTime" : 1295.5000000000002,
    "pct2ResTime" : 1528.15,
    "pct3ResTime" : 1848.0800000000004,
    "throughput" : 0.592716907749274,
    "receivedKBytesPerSec" : 0.5880863069074829,
    "sentKBytesPerSec" : 0.29952573282119926
  },
  "Logout" : {
    "transaction" : "Logout",
    "sampleCount" : 346,
    "errorCount" : 0,
    "errorPct" : 0.0,
    "meanResTime" : 1440.4277456647405,
    "medianResTime" : 1373.0,
    "minResTime" : 447.0,
    "maxResTime" : 3093.0,
    "pct1ResTime" : 2295.0,
    "pct2ResTime" : 2496.8499999999995,
    "pct3ResTime" : 2962.9199999999955,
    "throughput" : 0.5794742192589764,
    "receivedKBytesPerSec" : 2.2757100600325244,
    "sentKBytesPerSec" : 0.6772281102985632
  },
  "Insert_payment_details-1" : {
    "transaction" : "Insert_payment_details-1",
    "sampleCount" : 346,
    "errorCount" : 24,
    "errorPct" : 6.936416,
    "meanResTime" : 813.7514450867047,
    "medianResTime" : 788.0,