{
  "clients" : {
    "transaction" : "clients",
    "sampleCount" : 1801,
    "errorCount" : 0,
    "errorPct" : 0.0,
    "meanResTime" : 6.558578567462514,
    "medianResTime" : 6.0,
    "minResTime" : 4.0,
    "maxResTime" : 51.0,
    "pct1ResTime" : 8.0,
    "pct2ResTime" : 9.0,
    "pct3ResTime" : 13.980000000000018,
    "throughput" : 5.990573411965846,
    "receivedKBytesPerSec" : 35.89078894766647,
    "sentKBytesPerSec" : 2.3459179083967814
  },
  "Оптравка комментария" : {
    "transaction" : "Оптравка комментария",
    "sampleCount" : 1801,
    "errorCount" : 91,
    "errorPct" : 5.0527487,
    "meanResTime" : 13.377012770682958,
    "medianResTime" : 10.0,
    "minResTime" : 7.0,
    "maxResTime" : 82.0,
    "pct1ResTime" : 24.0,
    "pct2ResTime" : 30.0,
    "pct3ResTime" : 40.98000000000002,
    "throughput" : 5.990613264501708,
    "receivedKBytesPerSec" : 25.91541239414144,
    "sentKBytesPerSec" : 5.721796032258172
  },
  "Клиенты" : {
    "transaction" : "Клиенты",
    "sampleCount" : 1801,
    "errorCount" : 0,
    "errorPct" : 0.0,
    "meanResTime" : 6.559133814547469,
    "medianResTime" : 6.0,
    "minResTime" : 4.0,
    "maxResTime" : 51.0,
    "pct1ResTime" : 8.0,
    "pct2ResTime" : 9.0,
    "pct3ResTime" : 13.980000000000018,
    "throughput" : 5.990573411965846,
    "receivedKBytesPerSec" : 35.89078894766647,
    "sentKBytesPerSec" : 2.3459179083967814
  },
  "Clear guestbook" : {
    "transaction" : "Clear guestbook",
    "sampleCount" : 15,
    "errorCount" : 0,
    "errorPct" : 0.0,
    "meanResTime" : 16.2,
    "medianResTime" : 6.0,
    "minResTime" : 2.0,
    "maxResTime" : 140.0,
    "pct1ResTime" : 66.20000000000005,
    "pct2ResTime" : 140.0,
    "pct3ResTime" : 140.0,
    "throughput" : 0.05342108637121244,
    "receivedKBytesPerSec" : 5.529917143895038E-4,
    "sentKBytesPerSec" : 0.0
  },
  "open_site" : {
    "transaction" : "open_site",
    "sampleCount" : 1817,
    "errorCount" : 0,
    "errorPct" : 0.0,
    "meanResTime" : 8.097413318657134,
    "medianResTime" : 8.0,
    "minResTime" : 5.0,
    "maxResTime" : 81.0,
    "pct1ResTime" : 10.0,
    "pct2ResTime" : 11.0,
    "pct3ResTime" : 15.819999999999936,
    "throughput" : 6.042386493254275,
    "receivedKBytesPerSec" : 133.6700988590714,
    "sentKBytesPerSec" : 2.1006734292954317
  },
  "Total" : {
    "transaction" : "Total",
    "sampleCount" : 9068,
    "errorCount" : 182,
    "errorPct" : 2.0070577,
    "meanResTime" : 6.399757388619291,
    "medianResTime" : 6.0,
    "minResTime" : 2.0,
    "maxResTime" : 140.0,
    "pct1ResTime" : 9.0,
    "pct2ResTime" : 12.0,
    "pct3ResTime" : 24.0,
    "throughput" : 30.151689465529053,
    "receivedKBytesPerSec" : 219.96299280580624,
    "sentKBytesPerSec" : 11.002591394607078
  },
  "Guest comments" : {
    "transaction" : "Guest comments",
    "sampleCount" : 1801,
    "errorCount" : 91,
    "errorPct" : 5.0527487,
    "meanResTime" : 3.8473070516379764,
    "medianResTime" : 3.0,
    "minResTime" : 2.0,
    "maxResTime" : 68.0,
    "pct1ResTime" : 6.0,
    "pct2ResTime" : 7.0,
    "pct3ResTime" : 18.980000000000018,
    "throughput" : 5.991091536294172,
    "receivedKBytesPerSec" : 24.00395322432829,
    "sentKBytesPerSec" : 0.7956918446640697
  },
  "Проверка комментария" : {
    "transaction" : "Проверка комментария",
    "sampleCount" : 1801,
    "errorCount" : 91,
    "errorPct" : 5.0527487,
    "meanResTime" : 3.8473070516379764,
    "medianResTime" : 3.0,
    "minResTime" : 2.0,
    "maxResTime" : 68.0,
    "pct1ResTime" : 6.0,
    "pct2ResTime" : 7.0,
    "pct3ResTime" : 18.980000000000018,
    "throughput" : 5.991091536294172,
    "receivedKBytesPerSec" : 24.00395322432829,
    "sentKBytesPerSec" : 0.7956918446640697
  },
  "Гостевая книга" : {
    "transaction" : "Гостевая книга",
    "sampleCount" : 16,
    "errorCount" : 0,
    "errorPct" : 0.0,
    "meanResTime" : 30.625,
    "medianResTime" : 22.5,
    "minResTime" : 11.0,
    "maxResTime" : 191.0,
    "pct1ResTime" : 77.60000000000011,
    "pct2ResTime" : 191.0,
    "pct3ResTime" : 191.0,
    "throughput" : 0.056948621665391254,
    "receivedKBytesPerSec" : 0.5694340786335891,
    "sentKBytesPerSec" : 0.044991635671192895
  },
  "guest" : {
    "transaction" : "guest",
    "sampleCount" : 1833,
    "errorCount" : 0,
    "errorPct" : 0.0,
    "meanResTime" : 6.60283687943262,
    "medianResTime" : 6.0,
    "minResTime" : 3.0,
    "maxResTime" : 35.0,
    "pct1ResTime" : 8.0,
    "pct2ResTime" : 9.0,
    "pct3ResTime" : 12.0,
    "throughput" : 6.09687140357763,
    "receivedKBytesPerSec" : 24.58695842660471,
    "sentKBytesPerSec" : 2.4698086318710377
  },
  "Главная" : {
    "transaction" : "Главная",
    "sampleCount" : 1819,
    "errorCount" : 0,
    "errorPct" : 0.0,
    "meanResTime" : 8.088510170423316,
    "medianResTime" : 8.0,
    "minResTime" : 0.0,
    "maxResTime" : 81.0,
    "pct1ResTime" : 10.0,
    "pct2ResTime" : 11.0,
    "pct3ResTime" : 15.799999999999955,
    "throughput" : 6.046242620858374,
    "receivedKBytesPerSec" : 133.6083396193842,
    "sentKBytesPerSec" : 2.0997028607469552
  },
  "send_comment" : {
    "transaction" : "send_comment",
    "sampleCount" : 1801,
    "errorCount" : 91,
    "errorPct" : 5.0527487,
    "meanResTime" : 6.79233759022765,
    "medianResTime" : 3.0,
    "minResTime" : 2.0,
    "maxResTime" : 61.0,
    "pct1ResTime" : 18.0,
    "pct2ResTime" : 23.0,
    "pct3ResTime" : 32.98000000000002,
    "throughput" : 5.990852390852391,
    "receivedKBytesPerSec" : 1.8594302234927236,
    "sentKBytesPerSec" : 3.2940910862785864
  }
}